prod_code,	prod_limit,	new_balance,	highest_balance
10,	37400.0,	8425.2,	7520.0
10,	88000.0,	3196.8,	6193.0
10,	16500.0,	3487.2,	3406.0
10,	108900.0,	6094.8,	101068.0
10,	105600.0,	1.2,	3766.0
10,	104500.0,	92110.8,	77258.0
10,	58300.0,	13995.6,	53414.0
10,	85800.0,	38505.6,	32587.0
10,	127600.0,	46910.4,	49591.0
10,	70400.0,	39973.2,	34710.0
10,	82500.0,	24252.0,	50050.0
10,	44000.0,	47262.0,	39884.0
10,	33000.0,	31924.8,	27104.0
10,	22000.0,	21976.8,	19800.0
10,	55000.0,	4444.8,	47225.0
10,	66000.0,	14347.2,	16139.0
10,	33000.0,	4760.4,	4467.0
10,	106700.0,	104354.4,	98609.0
10,	79200.0,	80415.6,	69991.0
10,	49500.0,	33427.2,	40557.0
10,	44000.0,	16880.4,	14566.0
10,	88000.0,	2805.6,	5826.0
10,	60500.0,	24163.2,	24036.0
10,	55000.0,	2302.8,	3719.0
10,	118800.0,	145.2,	1068.0
10,	93500.0,	-1.2,	85473.0
10,	82500.0,	0.0,	44452.0
10,	201300.0,	2649.6,	10223.0
10,	283800.0,	130521.6,	111325.0
10,	118800.0,	12508.8,	12699.0
10,	88000.0,	10436.4,	9197.0
10,	68200.0,	55249.2,	46540.0
10,	55000.0,	9046.8,	8039.0
10,	69300.0,	35757.6,	32018.0
10,	49500.0,	11551.2,	10126.0
10,	48400.0,	11256.0,	19831.0
10,	110000.0,	114994.8,	100612.0
10,	66000.0,	33946.8,	28789.0
10,	45100.0,	53857.2,	45381.0
10,	151800.0,	-338.4,	13718.0
10,	115500.0,	52339.2,	47535.0
10,	40700.0,	17773.2,	16310.0
10,	105600.0,	12062.4,	14742.0
10,	99000.0,	11924.4,	10437.0
10,	383900.0,	-51.6,	2456.0
10,	68200.0,	11995.2,	10621.0
10,	174900.0,	153999.6,	128833.0
10,	27500.0,	1435.2,	1696.0
10,	111100.0,	5425.2,	12021.0
10,	42900.0,	43974.0,	38946.0
10,	113300.0,	7938.0,	7115.0
10,	16500.0,	14221.2,	13114.0
10,	106700.0,	26734.8,	22779.0
10,	178200.0,	3492.0,	7530.0
10,	44000.0,	47858.4,	43505.0
10,	69300.0,	32684.4,	42326.0
10,	194700.0,	-25.2,	8228.0
10,	61600.0,	26078.4,	49221.0
10,	55000.0,	57937.2,	49528.0
10,	103400.0,	12856.8,	28555.0
10,	55000.0,	14720.4,	40919.0
10,	24200.0,	6372.0,	5810.0
10,	63800.0,	-3667.2,	7579.0
10,	64900.0,	32218.8,	59369.0
10,	88000.0,	35060.4,	29717.0
10,	59400.0,	9432.0,	18532.0
10,	193600.0,	69610.8,	62929.0
10,	117700.0,	15718.8,	13598.0
10,	88000.0,	64660.8,	81133.0
10,	55000.0,	3652.8,	16071.0
10,	22000.0,	9480.0,	17204.0
10,	69300.0,	3676.8,	4045.0
10,	110000.0,	18681.6,	16067.0
10,	77000.0,	51295.2,	69058.0
10,	22000.0,	33.6,	13334.0
10,	105600.0,	4492.8,	4243.0
10,	215600.0,	49579.2,	55658.0
10,	143000.0,	117872.4,	98727.0
10,	46200.0,	18438.0,	15865.0
10,	22000.0,	6144.0,	6712.0
10,	172700.0,	13507.2,	37412.0
10,	111100.0,	103656.0,	86880.0
10,	105600.0,	122484.0,	102569.0
10,	72600.0,	85938.0,	72114.0
10,	44000.0,	7956.0,	34990.0
10,	57200.0,	41892.0,	35410.0
10,	115500.0,	5956.8,	6690.0
10,	105600.0,	104.4,	81060.0
10,	101200.0,	65625.6,	94867.0
10,	78100.0,	0.0,	1060.0
10,	36300.0,	23988.0,	20490.0
10,	22000.0,	8682.0,	11134.0
10,	82500.0,	38584.8,	43492.0
10,	97350.0,	75566.4,	64008.0
10,	110000.0,	684.0,	1436.0
10,	82500.0,	73298.4,	61582.0
10,	20680.0,	1962.0,	12852.0
10,	106700.0,	41917.2,	35430.0
10,	88000.0,	48170.4,	65851.0
10,	88000.0,	4034.4,	76409.0
10,	119900.0,	11221.2,	50754.0
10,	88000.0,	8601.6,	75926.0
10,	88000.0,	452.4,	2288.0
10,	33000.0,	0.0,	781.0
10,	40700.0,	8257.2,	13119.0
10,	20900.0,	1146.0,	3523.0
10,	110000.0,	18552.0,	15960.0
10,	35200.0,	36152.4,	30627.0
10,	223300.0,	124366.8,	104139.0
10,	94600.0,	11041.2,	11435.0
10,	88000.0,	3859.2,	21100.0
10,	36300.0,	4006.8,	5441.0
10,	97900.0,	129.6,	1381.0
10,	46200.0,	46047.6,	42271.0
10,	24200.0,	0.0,	15664.0
10,	102300.0,	7855.2,	13676.0
10,	67100.0,	29358.0,	24965.0
10,	44000.0,	0.0,	3869.0
10,	42900.0,	18499.2,	38338.0
10,	99000.0,	22237.2,	57489.0
10,	55000.0,	11799.6,	29586.0
10,	55000.0,	4646.4,	26327.0
10,	168300.0,	11156.4,	23305.0
10,	55000.0,	41737.2,	51205.0
10,	39600.0,	-1.2,	8637.0
10,	37400.0,	6158.4,	11968.0
10,	31900.0,	6634.8,	11473.0
10,	102300.0,	42679.2,	36066.0
10,	62700.0,	17664.0,	55655.0
10,	138600.0,	131935.2,	110446.0
10,	40700.0,	-34.8,	14571.0
10,	69300.0,	48396.0,	49736.0
10,	68200.0,	4190.4,	23105.0
10,	19800.0,	0.0,	13797.0
10,	50600.0,	56550.0,	47624.0
10,	69300.0,	-1.2,	7858.0
10,	114400.0,	89700.0,	83562.0
10,	91300.0,	182.4,	9176.0
10,	40700.0,	4305.6,	25715.0
10,	39600.0,	25215.6,	29814.0
10,	99000.0,	40957.2,	37131.0
10,	57200.0,	14529.6,	24664.0
10,	55000.0,	20966.4,	17972.0
10,	23100.0,	4140.0,	11448.0
10,	184800.0,	209924.4,	180200.0
10,	74800.0,	28558.8,	69527.0
10,	61600.0,	56997.6,	47997.0
10,	154000.0,	17649.6,	15208.0
10,	121000.0,	25731.6,	28472.0
10,	165000.0,	12007.2,	61490.0
10,	180400.0,	28890.0,	64187.0
10,	111100.0,	4242.0,	6513.0
10,	103400.0,	44084.4,	51151.0
10,	72600.0,	38484.0,	32570.0
10,	111100.0,	0.0,	18437.0
10,	55000.0,	6069.6,	21544.0
10,	161700.0,	36333.6,	73513.0
10,	112200.0,	27194.4,	24917.0
10,	144100.0,	123213.6,	104391.0
10,	100100.0,	-1.2,	28746.0
10,	106700.0,	35824.8,	96073.0
10,	67100.0,	14257.2,	39861.0
10,	117700.0,	61747.2,	104100.0
10,	55000.0,	22269.6,	29594.0
10,	118800.0,	49240.8,	95536.0
10,	110000.0,	-2.4,	67676.0
10,	86900.0,	4465.2,	41558.0
10,	70400.0,	41290.8,	51621.0
10,	38500.0,	0.0,	35210.0
10,	57200.0,	11898.0,	44258.0
10,	55000.0,	13824.0,	24992.0
10,	99000.0,	40339.2,	89151.0
10,	42900.0,	44766.0,	39451.0
10,	36300.0,	21268.8,	32796.0
10,	183700.0,	207001.2,	178169.0
10,	40700.0,	45039.6,	38905.0
10,	67100.0,	35470.8,	47575.0
10,	34100.0,	-1370.4,	31619.0
10,	114400.0,	111727.2,	100479.0
10,	84700.0,	2948.4,	47442.0
10,	66000.0,	48414.0,	60865.0
10,	62700.0,	7803.6,	35189.0
10,	123200.0,	127846.8,	107039.0
10,	67100.0,	70957.2,	61396.0
10,	38500.0,	41998.8,	38352.0
10,	26400.0,	14509.2,	21585.0
10,	107800.0,	2176.8,	98264.0
10,	63800.0,	51741.6,	44237.0
10,	193600.0,	10698.0,	10851.0
10,	125400.0,	79893.6,	67078.0
10,	42900.0,	1297.2,	30815.0
10,	77000.0,	8042.4,	57680.0
10,	46200.0,	54134.4,	48356.0
10,	82500.0,	13498.8,	32390.0
10,	66000.0,	-10.8,	18191.0
10,	49500.0,	48249.6,	43795.0
10,	33000.0,	34947.6,	30446.0
10,	124300.0,	2.4,	10218.0
10,	40700.0,	26590.8,	35084.0
10,	330000.0,	234530.4,	204548.0
10,	82500.0,	0.0,	9409.0
10,	77000.0,	3402.0,	11494.0
10,	105600.0,	41834.4,	36377.0
10,	95700.0,	105087.6,	90947.0
10,	80300.0,	44738.4,	65431.0
10,	22000.0,	7069.2,	13973.0
10,	51700.0,	1273.2,	6455.0
10,	77000.0,	85786.8,	78187.0
10,	55000.0,	14445.6,	25660.0
10,	77000.0,	0.0,	3137.0
10,	56100.0,	60302.4,	50869.0
10,	22000.0,	12271.2,	21365.0
10,	107800.0,	20787.6,	47482.0
10,	41800.0,	44079.6,	43741.0
10,	122100.0,	4759.2,	30497.0
10,	49500.0,	31662.0,	26885.0
10,	40700.0,	26893.2,	39499.0
10,	100100.0,	360.0,	56759.0
10,	85800.0,	84360.0,	75824.0
10,	59400.0,	2466.0,	50768.0
10,	16500.0,	12385.2,	11759.0
10,	102300.0,	74949.6,	90029.0
10,	40700.0,	2881.2,	3875.0
10,	33000.0,	2277.6,	6873.0
10,	275000.0,	4101.6,	36093.0
10,	84700.0,	13212.0,	37847.0
10,	84700.0,	90494.4,	79848.0
10,	79200.0,	8623.2,	7686.0
10,	39600.0,	12138.0,	36500.0
10,	134200.0,	83025.6,	94749.0
10,	118800.0,	82926.0,	91527.0
10,	46200.0,	20281.2,	44182.0
10,	45100.0,	40809.6,	35820.0
10,	110000.0,	1521.6,	39103.0
10,	83600.0,	307.2,	11085.0
10,	79200.0,	41946.0,	35455.0
10,	16500.0,	5718.0,	15077.0
10,	127600.0,	56220.0,	47400.0
10,	95700.0,	68991.6,	61289.0
10,	48400.0,	37948.8,	35349.0
10,	37400.0,	38227.2,	34086.0
10,	13200.0,	11414.4,	11156.0
10,	158400.0,	1126.8,	6970.0
10,	63800.0,	638.4,	36225.0
10,	33000.0,	30992.4,	33515.0
10,	114400.0,	91060.8,	107556.0
10,	82500.0,	16772.4,	74374.0
10,	63800.0,	963.6,	28392.0
10,	68750.0,	49105.2,	62345.0
10,	41250.0,	20061.6,	17218.0
10,	20680.0,	151.2,	2887.0
10,	183700.0,	5431.2,	8358.0
10,	77000.0,	2642.4,	12832.0
10,	44000.0,	9981.6,	17429.0
10,	44000.0,	15770.4,	41586.0
10,	148500.0,	0.0,	1848.0
10,	108900.0,	-4.8,	97319.0
10,	39600.0,	43479.6,	36733.0
10,	64900.0,	15432.0,	16376.0
10,	114400.0,	60709.2,	84500.0
10,	28600.0,	13276.8,	18935.0
10,	60500.0,	21882.0,	18735.0
10,	55000.0,	42961.2,	51368.0
10,	113300.0,	6244.8,	29765.0
10,	41800.0,	471.6,	44875.0
10,	121000.0,	35802.0,	30475.0
10,	124300.0,	110774.4,	111556.0
10,	283800.0,	3472.8,	40470.0
10,	46200.0,	26989.2,	30804.0
10,	44000.0,	34393.2,	40045.0
10,	91300.0,	22771.2,	51623.0
10,	80300.0,	-2110.8,	7966.0
10,	45100.0,	8898.0,	18236.0
10,	22000.0,	43.2,	5500.0
10,	269500.0,	32395.2,	251668.0
10,	72600.0,	78166.8,	66866.0
10,	68750.0,	-3.6,	50477.0
10,	49500.0,	48776.4,	51442.0
10,	69300.0,	84460.8,	70883.0
10,	61600.0,	30898.8,	26249.0
10,	72600.0,	30222.0,	65852.0
10,	55000.0,	10740.0,	27499.0
10,	115500.0,	28222.8,	31870.0
10,	125400.0,	135097.2,	113080.0
10,	69300.0,	8596.8,	25587.0
10,	187000.0,	7953.6,	43451.0
10,	89100.0,	92748.0,	82705.0
10,	86900.0,	-34.8,	2570.0
10,	16500.0,	-3.6,	16337.0
10,	189200.0,	148339.2,	170332.0
10,	57200.0,	54337.2,	52775.0
10,	11000.0,	-1.2,	11916.0
10,	55000.0,	0.0,	600.0
10,	110000.0,	29314.8,	28863.0
10,	44000.0,	19450.8,	25993.0
10,	102300.0,	60852.0,	85659.0
10,	63800.0,	34048.8,	91514.0
10,	132000.0,	40628.4,	115788.0
10,	83600.0,	60961.2,	78987.0
10,	68200.0,	73618.8,	63626.0
10,	22000.0,	23646.0,	20890.0
10,	46200.0,	28434.0,	36816.0
10,	99000.0,	110742.0,	98710.0
10,	23100.0,	23151.6,	26498.0
10,	95700.0,	-157.2,	8713.0
10,	29700.0,	33400.8,	29555.0
10,	55000.0,	37051.2,	32068.0
10,	44000.0,	49766.4,	41972.0
10,	31900.0,	13419.6,	29473.0
10,	121000.0,	32205.6,	42082.0
10,	73700.0,	6098.4,	25710.0
10,	72600.0,	18066.0,	41836.0
10,	24200.0,	4260.0,	9028.0
10,	37400.0,	43875.6,	39293.0
10,	125400.0,	53167.2,	58112.0
10,	100100.0,	21394.8,	25891.0
10,	92400.0,	26947.2,	25525.0
10,	188100.0,	204000.0,	170499.0
10,	115500.0,	63327.6,	104942.0
10,	73700.0,	10902.0,	59469.0
10,	63800.0,	65998.8,	55498.0
10,	55000.0,	39374.4,	49803.0
10,	61600.0,	8181.6,	7465.0
10,	16500.0,	6193.2,	16989.0
10,	16500.0,	18988.8,	17619.0
10,	46200.0,	45651.6,	43237.0
10,	82500.0,	47428.8,	40024.0
10,	44000.0,	40836.0,	43736.0
10,	27500.0,	22582.8,	20865.0
10,	115500.0,	10432.8,	24515.0
10,	100100.0,	0.0,	13928.0
10,	119900.0,	108813.6,	106993.0
10,	223300.0,	0.0,	767.0
10,	88000.0,	33795.6,	38262.0
10,	73700.0,	7627.2,	62139.0
10,	58300.0,	48709.2,	53087.0
10,	102300.0,	99640.8,	94502.0
10,	82500.0,	6517.2,	36024.0
10,	75900.0,	65346.0,	65023.0
10,	70400.0,	25964.4,	72471.0
10,	33000.0,	23220.0,	25740.0
10,	45100.0,	45703.2,	41101.0
10,	33000.0,	-4.8,	828.0
10,	62700.0,	418.8,	55071.0
10,	42900.0,	36462.0,	38146.0
10,	66000.0,	6195.6,	7054.0
10,	50600.0,	61864.8,	52054.0
10,	11000.0,	0.0,	11023.0
10,	110000.0,	12920.4,	50318.0
10,	55000.0,	45949.2,	39476.0
10,	33000.0,	36842.4,	32291.0
10,	26400.0,	0.0,	22293.0
10,	176000.0,	4744.8,	30774.0
10,	129800.0,	125878.8,	121727.0
10,	103950.0,	10456.8,	46000.0
10,	28600.0,	435.6,	30195.0
10,	113300.0,	0.0,	31903.0
10,	74800.0,	175.2,	62061.0
10,	57200.0,	59565.6,	52028.0
10,	55000.0,	5872.8,	7303.0
10,	55000.0,	-1.2,	40144.0
10,	16500.0,	5014.8,	5354.0
10,	62700.0,	7094.4,	25114.0
10,	137500.0,	0.0,	9082.0
10,	121000.0,	52426.8,	48660.0
10,	119900.0,	1315.2,	49998.0
10,	86900.0,	5703.6,	11669.0
10,	310200.0,	24151.2,	21736.0
10,	45100.0,	13209.6,	32049.0
10,	82500.0,	11242.8,	42734.0
10,	72600.0,	20409.6,	50313.0
10,	41250.0,	0.0,	16117.0
10,	124300.0,	52736.4,	53604.0
10,	99000.0,	39346.8,	56950.0
10,	63800.0,	8917.2,	35306.0
10,	108900.0,	47114.4,	57982.0
10,	108900.0,	29092.8,	29039.0
10,	95700.0,	0.0,	10550.0
10,	137500.0,	111864.0,	132492.0
10,	113300.0,	-2.4,	65941.0
10,	94600.0,	5044.8,	60052.0
10,	66000.0,	72775.2,	62326.0
10,	114400.0,	33916.8,	48897.0
10,	57200.0,	33223.2,	41928.0
10,	149600.0,	123636.0,	151828.0
10,	114400.0,	34710.0,	45893.0
10,	187000.0,	16760.4,	33212.0
10,	55000.0,	20155.2,	23255.0
10,	16500.0,	0.0,	14912.0
10,	55000.0,	8785.2,	49978.0
10,	39600.0,	28107.6,	33547.0
10,	119900.0,	57361.2,	110975.0
10,	108900.0,	0.0,	61849.0
10,	110000.0,	9745.2,	35599.0
10,	106700.0,	55129.2,	95477.0
10,	22000.0,	23274.0,	21181.0
10,	123200.0,	111025.2,	99276.0
10,	28600.0,	29221.2,	26149.0
10,	99000.0,	40146.0,	91483.0
10,	71500.0,	13002.0,	45567.0
10,	27500.0,	20373.6,	17478.0
10,	111100.0,	19570.8,	16871.0
10,	117700.0,	-68.4,	101343.0
10,	95700.0,	65472.0,	79435.0
10,	205700.0,	18355.2,	34626.0
10,	135300.0,	0.0,	4999.0
10,	108900.0,	5540.4,	29879.0
10,	57200.0,	42307.2,	53569.0
10,	57200.0,	49221.6,	53569.0
10,	117700.0,	0.0,	31142.0
10,	192500.0,	4038.0,	14919.0
10,	127600.0,	22935.6,	33800.0
10,	95700.0,	3781.2,	19050.0
10,	55000.0,	63217.2,	53532.0
10,	49500.0,	36621.6,	47888.0
10,	82500.0,	928.8,	71364.0
10,	129800.0,	1395.6,	15668.0
10,	128700.0,	1748.4,	14542.0
10,	30800.0,	34996.8,	30183.0
10,	118800.0,	1502.4,	80040.0
10,	135300.0,	46560.0,	99077.0
10,	116600.0,	25117.2,	32627.0
10,	55000.0,	18315.6,	50495.0
10,	550000.0,	322006.8,	511715.0
10,	174900.0,	682.8,	15767.0
10,	132000.0,	97563.6,	100140.0
10,	68200.0,	69543.6,	65051.0
10,	23100.0,	0.0,	26323.0
10,	170500.0,	35080.8,	29734.0
10,	138600.0,	31134.0,	32108.0
10,	110000.0,	80233.2,	107237.0
10,	96800.0,	48388.8,	40824.0
10,	82500.0,	0.0,	21815.0
10,	148500.0,	11727.6,	30566.0
10,	100100.0,	205.2,	48310.0
10,	97900.0,	-634.8,	8230.0
10,	68200.0,	68991.6,	62787.0
10,	44000.0,	10112.4,	28049.0
10,	189200.0,	181030.8,	173080.0
10,	67100.0,	7748.4,	57964.0
10,	56100.0,	5203.2,	5407.0
10,	45100.0,	32974.8,	36500.0
10,	112200.0,	-39.6,	6616.0
10,	119900.0,	112590.0,	110199.0
10,	69300.0,	44205.6,	50817.0
10,	108900.0,	21915.6,	46398.0
10,	59400.0,	15612.0,	24869.0
10,	110000.0,	20744.4,	22527.0
10,	96800.0,	83355.6,	86843.0
10,	27500.0,	15478.8,	25038.0
10,	58300.0,	24783.6,	47048.0
10,	44000.0,	16614.0,	37099.0
10,	371800.0,	34299.6,	63473.0
10,	112200.0,	494.4,	34147.0
10,	96800.0,	78274.8,	65729.0
10,	68200.0,	-64.8,	60282.0
10,	68200.0,	0.0,	56722.0
10,	137500.0,	124003.2,	124406.0
10,	55000.0,	0.0,	3806.0
10,	16500.0,	1225.2,	5869.0
10,	59400.0,	2845.2,	36508.0
10,	141900.0,	4701.6,	104099.0
10,	121000.0,	44623.2,	43869.0
10,	88000.0,	9465.6,	60500.0
10,	162800.0,	2924.4,	15122.0
10,	110000.0,	65830.8,	78468.0
10,	89100.0,	17511.6,	78895.0
10,	55000.0,	33940.8,	42594.0
10,	169400.0,	108369.6,	95995.0
10,	116600.0,	796.8,	13777.0
10,	44000.0,	41830.8,	42914.0
10,	16500.0,	13154.4,	15362.0
10,	22000.0,	20398.8,	20499.0
10,	93500.0,	3598.8,	5883.0
10,	74800.0,	0.0,	4078.0
10,	42900.0,	29329.2,	36036.0
10,	106700.0,	113962.8,	100642.0
10,	55000.0,	11038.8,	49733.0
10,	127600.0,	57337.2,	73257.0
10,	111100.0,	102517.2,	99359.0
10,	117700.0,	80874.0,	113238.0
10,	106700.0,	1200.0,	23703.0
10,	62700.0,	44241.6,	48948.0
10,	60500.0,	6657.6,	18934.0
10,	163900.0,	30520.8,	41674.0
10,	125400.0,	121910.4,	107265.0
10,	41250.0,	28812.0,	25168.0
10,	86900.0,	46146.0,	38955.0
10,	51700.0,	-1.2,	8442.0
10,	84700.0,	6171.6,	10850.0
10,	68200.0,	7033.2,	38590.0
10,	117700.0,	123812.4,	112104.0
10,	23100.0,	0.0,	1623.0
10,	55000.0,	-50.4,	32522.0
10,	85800.0,	88140.0,	81574.0
10,	23100.0,	25315.2,	26423.0
10,	57200.0,	31646.4,	48829.0
10,	33000.0,	36876.0,	32433.0
10,	152900.0,	31447.2,	87408.0
10,	68200.0,	47242.8,	42320.0
10,	59400.0,	55957.2,	54668.0
10,	36300.0,	19333.2,	28078.0
10,	36300.0,	19333.2,	28078.0
10,	16500.0,	-368.4,	11783.0
10,	122100.0,	2708.4,	46366.0
10,	82500.0,	1825.2,	75961.0
10,	96800.0,	13605.6,	17414.0
10,	124300.0,	47640.0,	66135.0
10,	61600.0,	46482.0,	39235.0
10,	110000.0,	17674.8,	15229.0
10,	77000.0,	24421.2,	37897.0
10,	42900.0,	44264.4,	39976.0
10,	108900.0,	159.6,	15569.0
10,	55000.0,	54009.6,	55550.0
10,	73700.0,	71998.8,	67589.0
10,	116600.0,	114518.4,	113011.0
10,	112200.0,	95124.0,	94930.0
10,	96800.0,	66190.8,	80063.0
10,	27500.0,	17472.0,	22461.0
10,	110000.0,	1633.2,	66585.0
10,	277200.0,	-1.2,	36329.0
10,	110000.0,	33213.6,	79000.0
10,	110000.0,	4071.6,	11415.0
10,	40700.0,	17528.4,	24807.0
10,	270600.0,	80.4,	6249.0
10,	170500.0,	51757.2,	111499.0
10,	75900.0,	32538.0,	49756.0
10,	156200.0,	74083.2,	89926.0
10,	100100.0,	25935.6,	53882.0
10,	55000.0,	-2.4,	49400.0
10,	152900.0,	19041.6,	90621.0
10,	20900.0,	0.0,	11600.0
10,	93500.0,	87729.6,	73608.0
10,	74800.0,	55550.4,	68213.0
10,	121000.0,	320730.0,	277557.0
10,	121000.0,	15066.0,	57617.0
10,	106700.0,	103191.6,	98670.0
10,	99000.0,	29239.2,	78912.0
10,	92400.0,	0.0,	17353.0
10,	55000.0,	23517.6,	38895.0
10,	50600.0,	7234.8,	47402.0
10,	82500.0,	1868.4,	81801.0
10,	82500.0,	1868.4,	81801.0
10,	55000.0,	57186.0,	50798.0
10,	214500.0,	84118.8,	156961.0
10,	57200.0,	46681.2,	54742.0
10,	110000.0,	64870.8,	114279.0
10,	57200.0,	92520.0,	123341.0
10,	162800.0,	48924.0,	87547.0
10,	94600.0,	-33.6,	89692.0
10,	75900.0,	44551.2,	62236.0
10,	36300.0,	14038.8,	17265.0
10,	30800.0,	1471.2,	14089.0
10,	91300.0,	54142.8,	62603.0
10,	198000.0,	199015.2,	180500.0
10,	126500.0,	30338.4,	55225.0
10,	44000.0,	540.0,	35218.0
10,	36300.0,	969.6,	18340.0
10,	155100.0,	7158.0,	32437.0
10,	107800.0,	238.8,	37303.0
10,	33000.0,	36072.0,	34389.0
10,	73700.0,	-4.8,	1060.0
10,	62700.0,	47877.6,	58393.0
10,	173800.0,	590.4,	10939.0
10,	133100.0,	2391.6,	8510.0
10,	46200.0,	19249.2,	49285.0
10,	249700.0,	82831.2,	214533.0
10,	119900.0,	133746.0,	114021.0
10,	92400.0,	47910.0,	67156.0
10,	17600.0,	18922.8,	16269.0
10,	96800.0,	25882.8,	69184.0
10,	82500.0,	15727.2,	57083.0
10,	165000.0,	97972.8,	85882.0
10,	134200.0,	32592.0,	57378.0
10,	165000.0,	1641.6,	69540.0
10,	117700.0,	110311.2,	107202.0
10,	88000.0,	12409.2,	36418.0
10,	55000.0,	6025.2,	50137.0
10,	228800.0,	14348.4,	55211.0
10,	11000.0,	13.2,	26377.0
10,	135300.0,	360.0,	48811.0
10,	79200.0,	147804.0,	177082.0
10,	11000.0,	9780.0,	10500.0
10,	40700.0,	33541.2,	41021.0
10,	165000.0,	505.2,	24844.0
10,	135300.0,	41614.8,	117013.0
10,	25300.0,	4299.6,	20167.0
10,	121000.0,	109609.2,	118129.0
10,	95700.0,	84577.2,	87389.0
10,	129800.0,	44272.8,	120357.0
10,	82500.0,	17002.8,	47359.0
10,	55000.0,	18867.6,	39836.0
10,	119900.0,	55591.2,	94856.0
10,	88000.0,	64806.0,	78205.0
10,	95700.0,	189802.8,	184308.0
10,	88000.0,	7699.2,	70494.0
10,	79200.0,	-12.0,	71592.0
10,	40700.0,	-42.0,	38084.0
10,	165000.0,	-54.0,	4825.0
10,	110000.0,	3530.4,	7318.0
10,	85800.0,	66283.2,	67011.0
10,	99000.0,	5311.2,	30410.0
10,	85800.0,	0.0,	50147.0
10,	27500.0,	25770.0,	27017.0
10,	11000.0,	0.0,	8156.0
10,	116600.0,	135378.0,	117060.0
10,	116600.0,	135378.0,	117060.0
10,	114400.0,	87037.2,	73030.0
10,	62700.0,	50032.8,	66251.0
10,	55000.0,	24220.8,	50060.0
10,	116600.0,	4662.0,	43032.0
10,	55000.0,	28540.8,	53295.0
10,	27500.0,	27253.2,	27528.0
10,	13200.0,	0.0,	6313.0
10,	77000.0,	5862.0,	15477.0
10,	149600.0,	106514.4,	134576.0
10,	148500.0,	0.0,	30821.0
10,	129800.0,	1633.2,	29993.0
10,	91300.0,	52260.0,	83135.0
10,	73700.0,	-673.2,	54987.0
10,	73700.0,	-1.2,	54987.0
10,	70400.0,	8629.2,	58726.0
10,	154000.0,	17078.4,	132613.0
10,	108900.0,	7514.4,	86340.0
10,	55000.0,	2193.6,	50490.0
10,	154000.0,	0.0,	18917.0
10,	140250.0,	0.0,	44145.0
10,	62700.0,	69159.6,	58132.0
10,	55000.0,	1833.6,	51049.0
10,	71500.0,	5689.2,	53617.0
10,	137500.0,	708.0,	2908.0
10,	137500.0,	0.0,	2908.0
10,	110000.0,	0.0,	2908.0
10,	73700.0,	19471.2,	39058.0
10,	27500.0,	1836.0,	2811.0
10,	134200.0,	673.2,	24117.0
10,	83600.0,	59222.4,	71760.0
10,	68200.0,	17772.0,	15661.0
10,	57200.0,	0.0,	12692.0
10,	58300.0,	890.4,	24619.0
10,	55000.0,	10900.8,	39730.0
10,	55000.0,	324123.6,	270603.0
10,	46200.0,	18600.0,	16000.0
10,	44000.0,	44740.8,	39873.0
10,	160600.0,	75727.2,	116847.0
10,	123200.0,	2211.6,	49048.0
10,	62700.0,	0.0,	53536.0
10,	62700.0,	1917.6,	53536.0
10,	91300.0,	102013.2,	91341.0
10,	49500.0,	13311.6,	24588.0
10,	169400.0,	12390.0,	24245.0
10,	55000.0,	50209.2,	46081.0
10,	55000.0,	0.0,	2068.0
10,	113300.0,	51854.4,	101008.0
10,	136400.0,	144000.0,	120500.0
10,	55220.0,	7710.0,	30863.0
10,	117700.0,	107318.4,	108103.0
10,	51700.0,	51997.2,	52171.0
10,	181500.0,	4926.0,	67504.0
10,	100100.0,	0.0,	2027.0
10,	82500.0,	87502.8,	73419.0
10,	82500.0,	0.0,	39899.0
10,	57200.0,	-480.0,	19406.0
10,	45100.0,	21166.8,	44000.0
10,	95700.0,	38995.2,	56131.0
10,	82500.0,	384.0,	33334.0
10,	55000.0,	-1200.0,	14210.0
10,	50600.0,	15786.0,	24465.0
10,	279400.0,	42562.8,	95539.0
10,	85800.0,	1234.8,	79347.0
10,	23100.0,	0.0,	27787.0
10,	247500.0,	260842.8,	217869.0
10,	130900.0,	63956.4,	70158.0
10,	62700.0,	42033.6,	43890.0
10,	57200.0,	18285.6,	15738.0
10,	122100.0,	21538.8,	83039.0
10,	68200.0,	15939.6,	14499.0
10,	62700.0,	52617.6,	56042.0
10,	73700.0,	88939.2,	74616.0
10,	330000.0,	312286.8,	305259.0
10,	192500.0,	31366.8,	87726.0
10,	141900.0,	4101.6,	56007.0
10,	55000.0,	24999.6,	50385.0
10,	95700.0,	103434.0,	86695.0
10,	82500.0,	49054.8,	57722.0
10,	82500.0,	27412.8,	47686.0
10,	73700.0,	27781.2,	59039.0
10,	55000.0,	52250.4,	53186.0
10,	148500.0,	1068.0,	28659.0
10,	123200.0,	44090.4,	81124.0
10,	110550.0,	28776.0,	52504.0
10,	36300.0,	21676.8,	38213.0
10,	11000.0,	9140.4,	51264.0
10,	77000.0,	0.0,	5952.0
10,	46200.0,	54164.4,	48526.0
10,	46200.0,	52006.8,	47381.0
10,	90200.0,	28447.2,	59336.0
10,	59400.0,	56792.4,	55283.0
10,	30800.0,	1861.2,	35367.0
10,	16500.0,	16111.2,	20264.0
10,	220000.0,	147440.4,	190343.0
10,	64900.0,	23882.4,	43918.0
10,	62700.0,	426.0,	57794.0
10,	22000.0,	174.0,	20168.0
10,	106700.0,	117384.0,	104144.0
10,	46200.0,	-1.2,	6396.0
10,	82500.0,	36032.4,	30527.0
10,	19800.0,	16873.2,	15411.0
10,	127600.0,	3026.4,	5328.0
10,	88000.0,	0.0,	26022.0
10,	73700.0,	73372.8,	74310.0
10,	159500.0,	36013.2,	110248.0
10,	27500.0,	-36.0,	8498.0
10,	22000.0,	0.0,	20500.0
10,	23100.0,	12842.4,	28050.0
10,	55000.0,	7860.0,	57019.0
10,	71500.0,	56192.4,	53437.0
10,	57200.0,	0.0,	7130.0
10,	60500.0,	24877.2,	33008.0
10,	95700.0,	228681.6,	191068.0
10,	93500.0,	548.4,	83798.0
10,	27500.0,	0.0,	27627.0
10,	123200.0,	122.4,	21975.0
10,	61600.0,	11770.8,	36620.0
10,	156200.0,	2598.0,	33950.0
10,	71500.0,	-106.8,	52308.0
10,	60500.0,	0.0,	49974.0
10,	22000.0,	7761.6,	16131.0
10,	108900.0,	62511.6,	100784.0
10,	167200.0,	2701.2,	63410.0
10,	110000.0,	-448.8,	75288.0
10,	91300.0,	97248.0,	82150.0
10,	40700.0,	1425.6,	38216.0
10,	33000.0,	1987.2,	16263.0
10,	115500.0,	17636.4,	98082.0
10,	110000.0,	17310.0,	36580.0
10,	27500.0,	4910.4,	14684.0
10,	166100.0,	1920.0,	23089.0
10,	166100.0,	35130.0,	29775.0
10,	110000.0,	31410.0,	82700.0
10,	71500.0,	48438.0,	67971.0
10,	44000.0,	26823.6,	22853.0
10,	23100.0,	0.0,	24241.0
10,	66000.0,	3812.4,	60500.0
10,	46200.0,	2900.4,	51411.0
10,	156200.0,	0.0,	20257.0
10,	66000.0,	0.0,	4763.0
10,	128700.0,	3738.0,	33466.0
10,	90200.0,	975.6,	30639.0
10,	57200.0,	62828.4,	56097.0
10,	62700.0,	60129.6,	57484.0
10,	123200.0,	31048.8,	113209.0
10,	122100.0,	0.0,	46008.0
10,	33000.0,	-50.4,	4597.0
10,	73700.0,	70146.0,	60615.0
10,	114400.0,	24378.0,	36954.0
10,	136400.0,	41558.4,	49865.0
10,	68200.0,	56959.2,	63606.0
10,	103400.0,	0.0,	8969.0
10,	55000.0,	100404.0,	152410.0
10,	114400.0,	19920.0,	58877.0
10,	86900.0,	15074.4,	23903.0
10,	275000.0,	86.4,	1102.0
10,	115500.0,	43765.2,	93535.0
10,	23100.0,	0.0,	2424.0
10,	55000.0,	12669.6,	42987.0
10,	64900.0,	6990.0,	26553.0
10,	115500.0,	2547.6,	20549.0
10,	115500.0,	8851.2,	20549.0
10,	112200.0,	121306.8,	107728.0
10,	90200.0,	0.0,	724.0
10,	106700.0,	4873.2,	22200.0
10,	73700.0,	3760.8,	66518.0
10,	181500.0,	62776.8,	52814.0
10,	58300.0,	5270.4,	20492.0
10,	44000.0,	45799.2,	40849.0
10,	183150.0,	5361.6,	37473.0
10,	57200.0,	31126.8,	52250.0
10,	55000.0,	119241.6,	220084.0
10,	165000.0,	-661.2,	6399.0
10,	248600.0,	2502.0,	37991.0
10,	118800.0,	55669.2,	104474.0
10,	136400.0,	356721.6,	297768.0
10,	66000.0,	66612.0,	67933.0
10,	136400.0,	50661.6,	136527.0
10,	132000.0,	149263.2,	124886.0
10,	91300.0,	-685.2,	86419.0
10,	118800.0,	47175.6,	102648.0
10,	89100.0,	58059.6,	81209.0
10,	104500.0,	1009.2,	75805.0
10,	22000.0,	21115.2,	21274.0
10,	112200.0,	17450.4,	103172.0
10,	110000.0,	0.0,	24962.0
10,	28600.0,	1615.2,	14605.0
10,	129800.0,	-1.2,	53156.0
10,	94600.0,	215200.8,	250613.0
10,	62700.0,	67131.6,	60261.0
10,	11000.0,	8164.8,	11454.0
10,	95700.0,	7628.4,	91639.0
10,	85800.0,	36.0,	1496.0
10,	57200.0,	22394.4,	21106.0
10,	79200.0,	72806.4,	69136.0
10,	66000.0,	-18.0,	26117.0
10,	125400.0,	100155.6,	121376.0
10,	125400.0,	100155.6,	121376.0
10,	125400.0,	100155.6,	121376.0
10,	53900.0,	9976.8,	24538.0
10,	35200.0,	36921.6,	31671.0
10,	33000.0,	-560.4,	23461.0
10,	92400.0,	5484.0,	86967.0
10,	11000.0,	11574.0,	21781.0
10,	63800.0,	1118.4,	41700.0
10,	69300.0,	0.0,	43318.0
10,	97900.0,	1078.8,	50525.0
10,	59400.0,	19456.8,	49433.0
10,	118800.0,	107042.4,	110657.0
10,	82500.0,	1110.0,	74541.0
10,	123750.0,	15826.8,	42218.0
10,	99000.0,	37208.4,	32520.0
10,	88000.0,	33249.6,	82581.0
10,	95700.0,	62587.2,	86575.0
10,	11000.0,	-4.8,	9703.0
10,	102300.0,	110415.6,	96324.0
10,	271700.0,	12556.8,	15182.0
10,	118800.0,	127770.0,	109048.0
10,	481800.0,	8481.6,	12833.0
10,	55550.0,	115352.4,	96627.0
10,	96800.0,	15036.0,	56898.0
10,	70400.0,	18921.6,	50186.0
10,	127600.0,	16332.0,	28842.0
10,	257400.0,	259939.2,	235846.0
10,	183700.0,	17794.8,	52690.0
10,	183700.0,	78993.6,	89188.0
10,	113300.0,	3787.2,	51888.0
10,	89100.0,	28808.4,	64213.0
10,	81400.0,	23440.8,	60475.0
10,	68200.0,	0.0,	18913.0
10,	94600.0,	20738.4,	70178.0
10,	99000.0,	22434.0,	23619.0
10,	94600.0,	0.0,	14373.0
10,	355300.0,	4164.0,	51730.0
10,	55000.0,	134372.4,	112477.0
10,	49500.0,	29298.0,	46292.0
10,	247500.0,	141064.8,	210500.0
10,	16500.0,	0.0,	19634.0
10,	116600.0,	12760.8,	15091.0
10,	116600.0,	648.0,	15091.0
10,	82500.0,	44236.8,	53428.0
10,	40700.0,	4353.6,	35660.0
10,	15400.0,	0.0,	13901.0
10,	155100.0,	26956.8,	53622.0
10,	79200.0,	-114.0,	34281.0
10,	59400.0,	62995.2,	52996.0
10,	44000.0,	-70.8,	40500.0
10,	93500.0,	19569.6,	55383.0
10,	56100.0,	58819.2,	51182.0
10,	141900.0,	5029.2,	105461.0
10,	114400.0,	65623.2,	110049.0
10,	68200.0,	51706.8,	56714.0
10,	71500.0,	49392.0,	41660.0
10,	149600.0,	99829.2,	136500.0
10,	55000.0,	21681.6,	37023.0
10,	313500.0,	286344.0,	253210.0
10,	27500.0,	13804.8,	26075.0
10,	566500.0,	850.8,	548474.0
10,	113300.0,	0.0,	18232.0
10,	88000.0,	2871.6,	19363.0
10,	30800.0,	0.0,	18256.0
10,	77000.0,	16004.4,	60024.0
10,	16500.0,	0.0,	11658.0
10,	23100.0,	4474.8,	28049.0
10,	147400.0,	-3097.2,	79671.0
10,	125400.0,	21223.2,	119981.0
10,	117700.0,	73814.4,	108917.0
10,	112200.0,	-51.6,	6183.0
10,	22000.0,	9214.8,	20447.0
10,	96800.0,	62887.2,	88500.0
10,	78100.0,	27585.6,	23488.0
10,	132000.0,	44150.4,	63552.0
10,	31900.0,	29514.0,	28840.0
10,	51700.0,	48591.6,	47916.0
10,	78100.0,	59037.6,	69090.0
10,	132000.0,	20899.2,	62454.0
10,	111100.0,	123979.2,	107915.0
10,	55000.0,	53606.4,	48307.0
10,	35200.0,	4561.2,	20680.0
10,	77000.0,	62325.6,	72436.0
10,	27500.0,	15674.4,	26290.0
10,	185625.0,	2570.4,	15599.0
10,	80300.0,	83851.2,	74206.0
10,	44000.0,	0.0,	760.0
10,	218900.0,	94442.4,	198935.0
10,	68200.0,	58.8,	43670.0
10,	11000.0,	5024.4,	10401.0
10,	50600.0,	14118.0,	26202.0
10,	23100.0,	0.0,	28050.0
10,	206250.0,	13808.4,	186446.0
10,	45100.0,	0.0,	42856.0
10,	44000.0,	8809.2,	8703.0
10,	60500.0,	39154.8,	33129.0
10,	34100.0,	11610.0,	32371.0
10,	110000.0,	68848.8,	89051.0
10,	95700.0,	0.0,	87013.0
10,	119900.0,	109411.2,	108472.0
10,	57200.0,	52819.2,	56923.0
10,	55000.0,	-70.8,	33670.0
10,	46200.0,	47508.0,	55599.0
10,	58300.0,	6426.0,	48521.0
10,	55000.0,	140305.2,	117421.0
10,	64570.0,	0.0,	93892.0
10,	42790.0,	14787.6,	93892.0
10,	128700.0,	-2.4,	15490.0
10,	128700.0,	23426.4,	79911.0
10,	106700.0,	43686.0,	76606.0
10,	165000.0,	1843.2,	80585.0
10,	66000.0,	4267.2,	59096.0
10,	66000.0,	5005.2,	59096.0
10,	55000.0,	47460.0,	44691.0
10,	52800.0,	50535.6,	48395.0
10,	110000.0,	6967.2,	38049.0
10,	42900.0,	46340.4,	40177.0
10,	330000.0,	37788.0,	279666.0
10,	119900.0,	12766.8,	38153.0
10,	119900.0,	2926.8,	42549.0
10,	55000.0,	61850.4,	52185.0
10,	27500.0,	844.8,	27349.0
10,	116600.0,	0.0,	3297.0
10,	92400.0,	0.0,	16657.0
10,	138600.0,	20190.0,	105655.0
10,	136400.0,	4082.4,	29973.0
10,	84700.0,	82527.6,	80721.0
10,	61600.0,	-172.8,	59727.0
10,	55000.0,	51702.0,	55266.0
10,	36300.0,	0.0,	11189.0
10,	150700.0,	87157.2,	148058.0
10,	11000.0,	0.0,	11352.0
10,	91300.0,	0.0,	1769.0
10,	85800.0,	13653.6,	21212.0
10,	69300.0,	-1.2,	44265.0
10,	61050.0,	28256.4,	54678.0
10,	114400.0,	121093.2,	113374.0
10,	114400.0,	10412.4,	18466.0
10,	92400.0,	15520.8,	87765.0
10,	97900.0,	15027.6,	94299.0
10,	139700.0,	3876.0,	126124.0
10,	33000.0,	25430.4,	46209.0
10,	134200.0,	416.4,	16375.0
10,	11000.0,	11976.0,	38500.0
10,	72600.0,	183630.0,	248011.0
10,	23100.0,	-518.4,	28049.0
10,	102300.0,	231277.2,	228132.0
10,	27500.0,	22758.0,	28562.0
10,	124300.0,	313233.6,	261528.0
10,	115500.0,	37471.2,	39606.0
10,	62700.0,	62130.0,	54169.0
10,	137500.0,	89727.6,	93055.0
10,	56100.0,	152527.2,	127606.0
10,	139700.0,	2769.6,	105615.0
10,	180400.0,	117268.8,	159390.0
10,	16500.0,	0.0,	1803.0
10,	183700.0,	2710.8,	167500.0
10,	62700.0,	322.8,	63306.0
10,	55000.0,	54159.6,	68198.0
10,	55000.0,	54159.6,	68198.0
10,	55000.0,	-720.0,	53009.0
10,	17600.0,	6210.0,	16239.0
10,	165000.0,	1010.4,	5459.0
10,	105600.0,	78235.2,	84083.0
10,	55000.0,	55714.8,	52639.0
10,	11000.0,	-45.6,	1872.0
10,	105600.0,	970.8,	32366.0
10,	55000.0,	56323.2,	54597.0
10,	69300.0,	-538.8,	63490.0
10,	70400.0,	48264.0,	50841.0
10,	13200.0,	4552.8,	12358.0
10,	49500.0,	35203.2,	56586.0
10,	26400.0,	2859.6,	7770.0
10,	11000.0,	1521.6,	11459.0
10,	38500.0,	14976.0,	66650.0
10,	22000.0,	-76.8,	21809.0
10,	118800.0,	122161.2,	110210.0
10,	46200.0,	22846.8,	52790.0
10,	135300.0,	65272.8,	79071.0
10,	68200.0,	73497.6,	66271.0
10,	62700.0,	59995.2,	57433.0
10,	50600.0,	0.0,	19050.0
10,	33000.0,	-21.6,	30500.0
10,	182050.0,	487993.2,	407161.0
10,	143000.0,	2398.8,	9025.0
10,	11000.0,	1430.4,	8737.0
10,	110000.0,	42931.2,	77141.0
10,	66000.0,	-75.6,	16086.0
10,	113850.0,	9847.2,	18933.0
10,	107800.0,	5835.6,	11451.0
10,	116600.0,	106210.8,	116137.0
10,	33000.0,	33231.6,	28959.0
10,	119900.0,	34413.6,	70212.0
10,	91300.0,	3342.0,	11748.0
10,	190850.0,	1346.4,	172020.0
10,	132000.0,	86590.8,	273542.0
10,	68200.0,	11928.0,	59293.0
10,	68200.0,	-1192.8,	59293.0
10,	11000.0,	7462.8,	11567.0
10,	121000.0,	12037.2,	38194.0
10,	124300.0,	105274.8,	118229.0
10,	550000.0,	326684.4,	609683.0
10,	121000.0,	501.6,	70153.0
10,	71500.0,	74668.8,	63912.0
10,	99000.0,	86984.4,	72987.0
10,	58300.0,	21518.4,	53366.0
10,	55000.0,	60334.8,	61153.0
10,	55000.0,	16112.4,	53011.0
10,	11000.0,	1077.6,	15909.0
10,	73700.0,	24.0,	68120.0
10,	45100.0,	10885.2,	41263.0
10,	45100.0,	17476.8,	41263.0
10,	57200.0,	-7.2,	51071.0
10,	66000.0,	50424.0,	57931.0
10,	148500.0,	348283.2,	313027.0
10,	69300.0,	26702.4,	65033.0
10,	69300.0,	10761.6,	65033.0
10,	116600.0,	87382.8,	105861.0
10,	68200.0,	11658.0,	61326.0
10,	72600.0,	66518.4,	89856.0
10,	121000.0,	411.6,	29633.0
10,	96800.0,	5881.2,	70431.0
10,	123200.0,	16126.8,	28615.0
10,	110000.0,	16582.8,	37704.0
10,	91300.0,	0.0,	80361.0
10,	50600.0,	969.6,	35012.0
10,	49500.0,	31035.6,	30500.0
10,	33000.0,	164148.0,	137290.0
10,	34100.0,	23970.0,	25762.0
10,	82500.0,	4651.2,	20719.0
10,	389400.0,	19142.4,	55868.0
10,	389400.0,	146228.4,	210263.0
10,	27500.0,	24915.6,	27966.0
10,	57090.0,	36744.0,	33389.0
10,	11000.0,	0.0,	10500.0
10,	155100.0,	0.0,	22638.0
10,	24200.0,	9685.2,	23837.0
10,	39600.0,	0.0,	70500.0
10,	132000.0,	4861.2,	4551.0
10,	11000.0,	0.0,	7360.0
10,	11000.0,	0.0,	1530.0
10,	96800.0,	101642.4,	93752.0
10,	68200.0,	1933.2,	33894.0
10,	106700.0,	50343.6,	96617.0
10,	64900.0,	1138.8,	57715.0
10,	55000.0,	17560.8,	50198.0
10,	55000.0,	7386.0,	50198.0
10,	116600.0,	93597.6,	112377.0
10,	117700.0,	57193.2,	96940.0
10,	57200.0,	3622.8,	31225.0
10,	136400.0,	145425.6,	130947.0
10,	94600.0,	89608.8,	97117.0
10,	33000.0,	0.0,	37294.0
10,	31900.0,	0.0,	24308.0
10,	22000.0,	0.0,	13918.0
10,	11000.0,	45182.4,	38152.0
10,	39600.0,	7562.4,	27097.0
10,	57200.0,	58707.6,	53090.0
10,	26400.0,	0.0,	33100.0
10,	148500.0,	-601.2,	58052.0
10,	148500.0,	11888.4,	98998.0
10,	148500.0,	15933.6,	145484.0
10,	37400.0,	8227.2,	19954.0
10,	38500.0,	0.0,	2378.0
10,	39600.0,	35629.2,	52122.0
10,	138600.0,	92751.6,	94917.0
10,	138600.0,	92751.6,	94917.0
10,	124300.0,	41032.8,	134477.0
10,	154000.0,	154088.4,	140660.0
10,	72600.0,	29376.0,	33665.0
10,	232100.0,	726013.2,	671325.0
10,	55000.0,	3667.2,	49650.0
10,	28600.0,	30505.2,	29453.0
10,	54450.0,	6000.0,	14912.0
10,	22000.0,	23784.0,	27640.0
10,	260700.0,	2544.0,	32595.0
10,	55000.0,	4755.6,	20128.0
10,	55000.0,	13093.2,	11411.0
10,	143000.0,	1711.2,	61000.0
10,	57200.0,	-52.8,	21956.0
10,	223300.0,	11894.4,	186498.0
10,	63800.0,	10248.0,	26031.0
10,	63800.0,	6675.6,	12363.0
10,	115500.0,	10857.6,	91215.0
10,	82500.0,	55742.4,	79062.0
10,	62700.0,	59854.8,	65120.0
10,	40700.0,	42978.0,	37575.0
10,	93500.0,	15812.4,	24679.0
10,	80300.0,	56985.6,	72268.0
10,	336600.0,	0.0,	3870.0
10,	49500.0,	0.0,	25471.0
10,	44000.0,	29245.2,	34159.0
10,	27500.0,	23824.8,	20684.0
10,	44000.0,	25069.2,	43234.0
10,	82500.0,	21920.4,	60235.0
10,	58300.0,	0.0,	30766.0
10,	149600.0,	0.0,	20800.0
10,	121000.0,	48488.4,	114994.0
10,	99000.0,	38454.0,	88887.0
10,	11000.0,	11520.0,	11918.0
10,	184800.0,	0.0,	1623.0
10,	74800.0,	4176.0,	13494.0
10,	57200.0,	11092.8,	39070.0
10,	49500.0,	48858.0,	42333.0
10,	155100.0,	58561.2,	49301.0
10,	57200.0,	37596.0,	54986.0
10,	137500.0,	0.0,	44185.0
10,	19800.0,	0.0,	1261.0
10,	33000.0,	0.0,	22905.0
10,	287100.0,	7402.8,	77086.0
10,	11000.0,	7630.8,	11160.0
10,	27500.0,	10206.0,	27275.0
10,	94600.0,	10545.6,	85760.0
10,	85800.0,	0.0,	40886.0
10,	85800.0,	48548.4,	41755.0
10,	73700.0,	56402.4,	67796.0
10,	44000.0,	0.0,	5767.0
10,	35310.0,	-51.6,	3577.0
10,	12100.0,	10160.4,	13183.0
10,	11000.0,	960.0,	11218.0
10,	11550.0,	6872.4,	25407.0
10,	230175.0,	14362.8,	98095.0
10,	144100.0,	19614.0,	39416.0
10,	77000.0,	240938.4,	201282.0
10,	11000.0,	0.0,	11880.0
10,	214500.0,	159728.4,	133607.0
10,	11000.0,	76662.0,	64385.0
10,	126500.0,	34465.2,	58969.0
10,	14300.0,	12963.6,	14681.0
10,	49500.0,	49821.6,	42018.0
10,	115500.0,	88164.0,	110736.0
10,	73700.0,	-105.6,	28470.0
10,	34100.0,	1.2,	24400.0
10,	27500.0,	32124.0,	30264.0
10,	26400.0,	0.0,	25092.0
10,	55000.0,	34864.8,	32486.0
10,	34100.0,	0.0,	28550.0
10,	34100.0,	0.0,	28550.0
10,	321200.0,	346260.0,	289050.0
10,	99000.0,	8647.2,	60470.0
10,	13200.0,	0.0,	12206.0
10,	181500.0,	103908.0,	105244.0
10,	99000.0,	16141.2,	35215.0
10,	66000.0,	11371.2,	35215.0
10,	185900.0,	68722.8,	127651.0
10,	137500.0,	0.0,	3319.0
10,	60500.0,	13161.6,	39220.0
10,	91300.0,	43545.6,	83418.0
10,	42900.0,	-3.6,	7500.0
10,	57200.0,	23658.0,	36334.0
10,	33000.0,	0.0,	31317.0
10,	134200.0,	0.0,	18427.0
10,	27500.0,	0.0,	31069.0
10,	13200.0,	0.0,	5355.0
10,	11000.0,	682.8,	7069.0
10,	99000.0,	40362.0,	46819.0
10,	44000.0,	19860.0,	44311.0
10,	96800.0,	681.6,	25547.0
10,	88000.0,	0.0,	16175.0
10,	135300.0,	30998.4,	43210.0
10,	41250.0,	30558.0,	38598.0
10,	14300.0,	0.0,	11089.0
10,	148500.0,	8599.2,	64844.0
10,	97900.0,	27024.0,	88237.0
10,	271040.0,	159966.0,	209114.0
10,	40700.0,	8631.6,	16204.0
10,	33000.0,	13930.8,	30652.0
10,	11000.0,	210.0,	10500.0
10,	130900.0,	0.0,	28775.0
10,	192500.0,	4048.8,	23696.0
10,	35200.0,	0.0,	38260.0
10,	33000.0,	56.4,	30500.0
10,	468600.0,	-8.4,	64028.0
10,	74800.0,	-2.4,	53056.0
10,	46200.0,	4771.2,	42225.0
10,	30800.0,	109.2,	30358.0
10,	27500.0,	0.0,	22300.0
10,	27500.0,	34479.6,	128298.0
10,	55000.0,	102772.8,	231788.0
10,	71500.0,	12408.0,	49450.0
10,	55000.0,	60564.0,	50970.0
10,	18700.0,	21108.0,	79000.0
10,	58300.0,	19146.0,	44047.0
10,	38500.0,	0.0,	1623.0
10,	45100.0,	-1.2,	62677.0
10,	74800.0,	18936.0,	56938.0
10,	107250.0,	12618.0,	96168.0
10,	107250.0,	4869.6,	96168.0
10,	60500.0,	35835.6,	30363.0
10,	99000.0,	95560.8,	80134.0
10,	99000.0,	99253.2,	90326.0
10,	91300.0,	8944.8,	41840.0
10,	74052.0,	-724.8,	47616.0
10,	48400.0,	12694.8,	19804.0
10,	143000.0,	-61.2,	22593.0
10,	113300.0,	20058.0,	24623.0
10,	33000.0,	9956.4,	22591.0
10,	27500.0,	-1.2,	24623.0
10,	60500.0,	1002.0,	16981.0
10,	60500.0,	0.0,	16981.0
10,	11550.0,	-13.2,	64115.0
10,	26950.0,	0.0,	31174.0
10,	165000.0,	549418.8,	893678.0
10,	16500.0,	-4.8,	16668.0
10,	66000.0,	26733.6,	62916.0
10,	171600.0,	40192.8,	136404.0
10,	70400.0,	8574.0,	42915.0
10,	19800.0,	0.0,	20874.0
10,	17600.0,	-57.6,	24222.0
10,	70950.0,	16380.0,	23577.0
10,	42900.0,	0.0,	25467.0
10,	44000.0,	6253.2,	155070.0
10,	111100.0,	32298.0,	60423.0
10,	143000.0,	15274.8,	130500.0
10,	143000.0,	15274.8,	130500.0
10,	74800.0,	-3.6,	57491.0
10,	128700.0,	99146.4,	93550.0
10,	82500.0,	1.2,	23872.0
10,	93500.0,	93535.2,	93262.0
10,	57200.0,	15720.0,	55218.0
10,	128700.0,	29341.2,	89825.0
10,	30800.0,	33542.4,	34328.0
10,	11000.0,	0.0,	8915.0
10,	58300.0,	26463.6,	59398.0
10,	57200.0,	2552.4,	45609.0
10,	38500.0,	38190.0,	36483.0
10,	56100.0,	51638.4,	57092.0
10,	226600.0,	146596.8,	122664.0
10,	27500.0,	-156.0,	27426.0
10,	68200.0,	0.0,	49617.0
10,	108900.0,	76508.4,	91255.0
10,	48400.0,	12478.8,	38200.0
10,	47300.0,	13626.0,	29362.0
10,	134200.0,	92806.8,	120529.0
10,	199100.0,	216960.0,	226916.0
10,	97900.0,	0.0,	78629.0
10,	97900.0,	65938.8,	80431.0
10,	66000.0,	0.0,	55090.0
10,	77000.0,	0.0,	98290.0
10,	165000.0,	5115.6,	24472.0
10,	165000.0,	898.8,	149198.0
10,	155100.0,	304407.6,	311531.0
10,	33000.0,	0.0,	42845.0
10,	55000.0,	38415.6,	50013.0
10,	22000.0,	61480.8,	51734.0
10,	29700.0,	29035.2,	30626.0
10,	66000.0,	49111.2,	75296.0
10,	55000.0,	39870.0,	46506.0
10,	55000.0,	22.8,	46506.0
10,	135300.0,	145390.8,	124108.0
10,	66000.0,	-2.4,	21958.0
10,	58740.0,	3788.4,	52916.0
10,	50875.0,	-1.2,	26500.0
10,	33000.0,	-84.0,	92780.0
10,	24200.0,	1345.2,	20041.0
10,	22000.0,	0.0,	17629.0
10,	19800.0,	12385.2,	19744.0
10,	15400.0,	20704.8,	19321.0
10,	15400.0,	8088.0,	15062.0
10,	13200.0,	-1279.2,	14572.0
10,	11000.0,	0.0,	27751.0
10,	11000.0,	-6.0,	9405.0
10,	11000.0,	0.0,	8768.0
10,	11000.0,	-25.2,	3640.0
10,	11000.0,	-19.2,	11634.0
10,	11000.0,	0.0,	10500.0
10,	116600.0,	0.0,	3122.0
10,	61600.0,	0.0,	44896.0
10,	145200.0,	19100.4,	57139.0
10,	275000.0,	0.0,	136068.0
10,	179960.0,	89050.8,	199601.0
10,	99000.0,	238.8,	93410.0
22,	275000.0,	0.0,	52286.0
10,	79200.0,	4089.6,	73156.0
10,	79200.0,	-601.2,	71230.0
10,	74800.0,	33291.6,	61343.0
10,	38500.0,	28.8,	98859.0
10,	267300.0,	13784.4,	55958.0
10,	47300.0,	32.4,	26151.0
10,	88000.0,	440.4,	68062.0
10,	114400.0,	327854.4,	544862.0
10,	185350.0,	95764.8,	104830.0
10,	410300.0,	11510.4,	12214.0
10,	189200.0,	0.0,	42778.0
10,	57200.0,	-13.2,	19292.0
10,	79200.0,	61560.0,	63880.0
10,	41800.0,	0.0,	32393.0
10,	126500.0,	3830.4,	27584.0
10,	52800.0,	0.0,	48500.0
10,	198000.0,	28830.0,	153937.0
10,	122100.0,	-74.4,	50440.0
10,	122100.0,	18465.6,	50967.0
10,	22000.0,	3315.6,	19808.0
10,	50050.0,	-1.2,	20376.0
10,	15400.0,	0.0,	7375.0
10,	26400.0,	0.0,	24472.0
10,	66660.0,	59618.4,	86235.0
10,	41800.0,	45381.6,	41927.0
10,	38500.0,	28146.0,	31881.0
10,	82500.0,	-7.2,	33416.0
10,	64900.0,	8758.8,	31585.0
10,	213400.0,	0.0,	134164.0
10,	148500.0,	137497.2,	115081.0
10,	33000.0,	17496.0,	49843.0
10,	49500.0,	-530.4,	48672.0
10,	11550.0,	14802.0,	50384.0
10,	15400.0,	15600.0,	18303.0
10,	52250.0,	10148.4,	41122.0
10,	13200.0,	7135.2,	45782.0
10,	100100.0,	1714.8,	60265.0
10,	55000.0,	0.0,	189458.0
10,	17600.0,	17031.6,	18132.0
10,	123750.0,	9606.0,	55752.0
10,	66000.0,	0.0,	70089.0
10,	330000.0,	3481.2,	98269.0
10,	11000.0,	8070.0,	52099.0
10,	55000.0,	135902.4,	156366.0
10,	176550.0,	2820.0,	64875.0
10,	47300.0,	23779.2,	37216.0
10,	141900.0,	91309.2,	76591.0
10,	190300.0,	-120.0,	79450.0
10,	11000.0,	6069.6,	14010.0
10,	51700.0,	-428.4,	47942.0
10,	214500.0,	5133.6,	168354.0
10,	214500.0,	95928.0,	98901.0
10,	24200.0,	7938.0,	24416.0
10,	23100.0,	0.0,	3541.0
10,	22000.0,	18196.8,	22023.0
10,	34100.0,	136.8,	20326.0
10,	62150.0,	558.0,	85123.0
10,	99000.0,	2398.8,	81342.0
10,	19800.0,	2262.0,	19638.0
10,	66000.0,	0.0,	60140.0
10,	214500.0,	-4.8,	49038.0
10,	121000.0,	7974.0,	50758.0
10,	38500.0,	0.0,	7891.0
10,	82500.0,	-74.4,	4345.0
10,	58300.0,	11377.2,	48909.0
10,	99000.0,	9644.4,	33047.0
10,	35200.0,	39811.2,	34824.0
10,	71500.0,	25546.8,	49804.0
10,	115500.0,	91258.8,	104786.0
10,	305800.0,	13250.4,	45218.0
10,	216150.0,	184118.4,	153932.0
10,	330000.0,	-1360.8,	39791.0
10,	148500.0,	6900.0,	75662.0
10,	47300.0,	0.0,	45519.0
10,	26400.0,	0.0,	24472.0
10,	112200.0,	3184.8,	25888.0
10,	38500.0,	0.0,	25888.0
10,	176000.0,	-1.2,	62937.0
10,	171600.0,	2700.0,	70650.0
10,	55000.0,	54066.0,	50507.0
10,	59400.0,	0.0,	35938.0
10,	11000.0,	-1398.0,	12708.0
10,	155100.0,	18481.2,	128316.0
10,	127600.0,	0.0,	1347.0
10,	67100.0,	0.0,	11428.0
10,	195800.0,	71263.2,	99449.0
10,	132000.0,	12144.0,	60173.0
10,	222750.0,	24501.6,	99014.0
10,	222750.0,	31652.4,	99014.0
10,	68200.0,	15694.8,	14537.0
10,	198000.0,	8208.0,	19292.0
10,	66000.0,	42585.6,	70213.0
10,	66000.0,	42585.6,	70213.0
10,	458700.0,	123520.8,	363100.0
10,	14300.0,	17556.0,	16076.0
10,	14300.0,	12546.0,	16076.0
10,	22000.0,	130.8,	6487.0
10,	58300.0,	25428.0,	44954.0
10,	102300.0,	17310.0,	32541.0
10,	88000.0,	-2336.4,	57215.0
10,	41800.0,	0.0,	54106.0
10,	51700.0,	139546.8,	165391.0
10,	330000.0,	23088.0,	59181.0
10,	292600.0,	621.6,	105154.0
10,	58300.0,	13867.2,	19884.0
10,	46200.0,	44461.2,	41558.0
10,	45100.0,	47421.6,	46594.0
10,	33000.0,	25465.2,	60861.0
10,	178200.0,	0.0,	109173.0
10,	115500.0,	151268.4,	196263.0
10,	77000.0,	23072.4,	51600.0
10,	66000.0,	17248.8,	63249.0
10,	22000.0,	0.0,	20263.0
10,	82500.0,	-44.4,	69707.0
10,	42900.0,	46656.0,	42564.0
10,	257400.0,	108109.2,	110499.0
10,	73700.0,	45688.8,	66782.0
10,	87450.0,	3589.2,	78933.0
10,	38500.0,	2112.0,	31342.0
10,	110000.0,	0.0,	32641.0
10,	38500.0,	36945.6,	34566.0
10,	62700.0,	-1.2,	35367.0
10,	12100.0,	0.0,	11451.0
10,	89100.0,	61200.0,	81485.0
10,	165000.0,	0.0,	18467.0
10,	42900.0,	744.0,	15897.0
10,	44000.0,	0.0,	45206.0
10,	22000.0,	0.0,	23052.0
10,	165000.0,	35935.2,	142956.0
10,	40700.0,	44127.6,	39826.0
10,	29700.0,	6458.4,	56122.0
10,	94600.0,	5330.4,	16358.0
10,	78100.0,	23788.8,	27916.0
10,	22000.0,	0.0,	24579.0
10,	91300.0,	0.0,	85639.0
10,	163350.0,	19945.2,	142030.0
10,	84700.0,	0.0,	19204.0
10,	16500.0,	21543.6,	21021.0
10,	110000.0,	11239.2,	100444.0
10,	22000.0,	-4872.0,	1555.0
10,	103400.0,	0.0,	81754.0
10,	217800.0,	0.0,	51041.0
10,	22000.0,	0.0,	15265.0
10,	17050.0,	5497.2,	134734.0
10,	33000.0,	0.0,	30025.0
10,	22000.0,	5308.8,	69175.0
10,	99935.0,	85546.8,	152798.0
10,	70400.0,	559.2,	29263.0
10,	61600.0,	0.0,	54281.0
10,	17600.0,	-396.0,	15809.0
10,	33880.0,	7860.0,	63971.0
10,	79200.0,	-308.4,	61249.0
10,	19800.0,	0.0,	11574.0
10,	48400.0,	511.2,	52372.0
10,	244200.0,	236642.4,	849705.0
10,	99000.0,	29311.2,	65308.0
10,	56100.0,	54942.0,	46816.0
10,	22000.0,	0.0,	30857.0
10,	16500.0,	0.0,	1010.0
10,	60500.0,	0.0,	50493.0
10,	37400.0,	-24.0,	18055.0
10,	75350.0,	51195.6,	84776.0
10,	9900.0,	-231.6,	10822.0
10,	198000.0,	1320.0,	510328.0
10,	198000.0,	11235.6,	510328.0
10,	84150.0,	57222.0,	97925.0
10,	68750.0,	0.0,	30014.0
10,	165000.0,	57908.4,	150500.0
10,	25300.0,	0.0,	19294.0
10,	212850.0,	0.0,	53244.0
10,	22000.0,	0.0,	22311.0
10,	266200.0,	41158.8,	244158.0
10,	14300.0,	-1.2,	1991.0
10,	269500.0,	33205.2,	127816.0
10,	37400.0,	1.2,	23101.0
10,	41800.0,	0.0,	61158.0
10,	33000.0,	9274.8,	61158.0
10,	22000.0,	0.0,	6652.0
10,	92400.0,	0.0,	15030.0
10,	35200.0,	0.0,	2017.0
10,	73700.0,	0.0,	9879.0
10,	132000.0,	0.0,	26314.0
10,	104500.0,	7.2,	2529.0
10,	66000.0,	19822.8,	68530.0
10,	222750.0,	170769.6,	144566.0
10,	198000.0,	1036.8,	89555.0
10,	288750.0,	18235.2,	119203.0
10,	99000.0,	13.2,	11088.0
10,	550000.0,	143665.2,	500500.0
10,	275000.0,	0.0,	250500.0
10,	22000.0,	-99.6,	27446.0
10,	22000.0,	0.0,	39114.0
10,	13200.0,	0.0,	8183.0
10,	178200.0,	15517.2,	45084.0
10,	79200.0,	5148.0,	22756.0
10,	265100.0,	0.0,	94008.0
10,	265100.0,	5868.0,	94008.0
10,	132000.0,	0.0,	94008.0
10,	102300.0,	4622.4,	95966.0
10,	59400.0,	0.0,	54500.0
10,	11000.0,	-4.8,	114036.0
10,	26400.0,	-1706.4,	22944.0
10,	66000.0,	0.0,	11470.0
10,	33000.0,	0.0,	155216.0
10,	9900.0,	0.0,	9438.0
10,	121000.0,	289722.0,	241935.0
10,	75900.0,	60357.6,	66416.0
10,	1100.0,	0.0,	1963.0
10,	66000.0,	0.0,	60494.0
10,	24200.0,	500.4,	56925.0
10,	69850.0,	68485.2,	57571.0
10,	119900.0,	7539.6,	81771.0
10,	11000.0,	3099.6,	12392.0
10,	33000.0,	2518.8,	38546.0
10,	18700.0,	0.0,	10783.0
10,	352000.0,	0.0,	3200.0
10,	55000.0,	0.0,	9274.0
10,	178200.0,	378247.2,	376285.0
10,	109450.0,	99151.2,	83126.0
10,	49500.0,	52.8,	54932.0
10,	40700.0,	43213.2,	36510.0
10,	12100.0,	0.0,	10683.0
10,	17600.0,	0.0,	10600.0
10,	35200.0,	0.0,	48300.0
10,	11000.0,	0.0,	25518.0
10,	198000.0,	36524.4,	116112.0
10,	99000.0,	0.0,	79320.0
10,	66000.0,	0.0,	79320.0
10,	27500.0,	0.0,	40561.0
10,	9240.0,	0.0,	31887.0
10,	11000.0,	897.6,	8280.0
10,	11000.0,	7112.4,	8280.0
10,	115500.0,	-1.2,	70143.0
10,	77000.0,	0.0,	63106.0
10,	2750.0,	0.0,	120680.0
10,	99000.0,	51891.6,	62072.0
10,	56100.0,	0.0,	3045.0
10,	47300.0,	1750.8,	17182.0
10,	202400.0,	0.0,	188180.0
10,	1100.0,	1.2,	501.0
10,	330000.0,	0.0,	305510.0
10,	207900.0,	0.0,	103756.0
10,	126940.0,	79074.0,	117089.0
10,	33000.0,	598.8,	20483.0
10,	155100.0,	-3.6,	150237.0
10,	116600.0,	0.0,	11341.0
10,	22000.0,	0.0,	15424.0
10,	44000.0,	45387.6,	97741.0
10,	168300.0,	-21.6,	100558.0
10,	61600.0,	10815.6,	21728.0
10,	550000.0,	354900.0,	336918.0
10,	92812.5,	34574.4,	60393.0
10,	41250.0,	0.0,	36025.0
10,	35200.0,	-757.2,	85500.0
10,	27500.0,	-76.8,	13984.0
10,	27500.0,	-2.4,	19999.0
10,	11000.0,	-1485.6,	20962.0
10,	51700.0,	0.0,	48285.0
10,	38500.0,	0.0,	84876.0
10,	93500.0,	0.0,	50167.0
10,	14300.0,	0.0,	19921.0
10,	28600.0,	28980.0,	30578.0
10,	11000.0,	0.0,	12238.0
10,	176000.0,	0.0,	167028.0
10,	83600.0,	0.0,	70197.0
10,	83600.0,	24272.4,	70197.0
10,	113300.0,	4284.0,	52437.0
10,	85800.0,	0.0,	8100.0
10,	33000.0,	3068.4,	30938.0
10,	206800.0,	-33.6,	14661.0
10,	37400.0,	224.4,	35992.0
10,	33000.0,	13561.2,	31529.0
10,	33000.0,	19444.8,	29560.0
10,	16500.0,	6804.0,	18055.0
10,	12100.0,	12142.8,	10619.0
10,	11000.0,	0.0,	10500.0
10,	111375.0,	-7028.4,	62820.0
10,	11000.0,	0.0,	47883.0
10,	55000.0,	0.0,	1184.0
10,	2200.0,	0.0,	10163.0
10,	37400.0,	0.0,	72534.0
10,	15400.0,	0.0,	14989.0
10,	114400.0,	0.0,	207347.0
10,	11000.0,	0.0,	17298.0
10,	13200.0,	0.0,	18950.0
10,	72600.0,	36091.2,	71037.0
10,	141900.0,	35295.6,	119081.0
10,	11000.0,	0.0,	7457.0
10,	9900.0,	0.0,	24623.0
10,	13200.0,	0.0,	17672.0
10,	412500.0,	0.0,	379042.0
10,	11000.0,	0.0,	4478.0
10,	66000.0,	0.0,	8412.0
10,	44000.0,	16311.6,	40499.0
10,	15400.0,	1508.4,	14119.0
10,	74250.0,	2152.8,	45799.0
10,	11000.0,	0.0,	11481.0
10,	52800.0,	0.0,	56531.0
10,	11000.0,	0.0,	5014.0
10,	66000.0,	-73.2,	56049.0
10,	144100.0,	12519.6,	89731.0
10,	44000.0,	0.0,	21647.0
10,	99000.0,	51433.2,	72825.0
10,	11000.0,	0.0,	9992.0
10,	108900.0,	0.0,	56838.0
10,	11000.0,	0.0,	556.0
10,	49500.0,	42151.2,	47557.0
10,	11000.0,	0.0,	1702.0
10,	19800.0,	0.0,	19423.0
10,	11000.0,	0.0,	9064.0
10,	137362.5,	13944.0,	42621.0
10,	46200.0,	0.0,	27414.0
10,	11000.0,	0.0,	1000.0
10,	50600.0,	0.0,	35499.0
10,	2090.0,	0.0,	31008.0
10,	36300.0,	0.0,	68980.0
10,	13200.0,	0.0,	20623.0
10,	77550.0,	-109.2,	71000.0
10,	48400.0,	30867.6,	56324.0
10,	2750.0,	0.0,	83585.0
10,	56100.0,	47292.0,	43372.0
10,	19800.0,	-199.2,	23228.0
10,	33000.0,	-1.2,	30499.0
10,	44000.0,	38702.4,	38685.0
10,	51700.0,	0.0,	82768.0
10,	13200.0,	0.0,	29058.0
10,	13200.0,	0.0,	29058.0
10,	185900.0,	68110.8,	69924.0
10,	11000.0,	0.0,	10500.0
10,	47300.0,	0.0,	19379.0
10,	412500.0,	384304.8,	320754.0
10,	39600.0,	17556.0,	44190.0
10,	11000.0,	0.0,	5277.0
10,	26400.0,	0.0,	24220.0
10,	23100.0,	1080.0,	24449.0
10,	23100.0,	25292.4,	24449.0
10,	11000.0,	0.0,	23972.0
10,	42900.0,	2836.8,	62608.0
10,	135300.0,	0.0,	54711.0
10,	11000.0,	0.0,	28050.0
10,	122512.5,	16029.6,	78300.0
10,	176000.0,	0.0,	163172.0
10,	56100.0,	26647.2,	50500.0
10,	58300.0,	40171.2,	54911.0
10,	23100.0,	0.0,	30877.0
10,	14300.0,	-1.2,	10800.0
10,	5500.0,	0.0,	6014.0
10,	50875.0,	0.0,	7288.0
10,	19800.0,	0.0,	31939.0
10,	144100.0,	0.0,	10410.0
10,	195250.0,	0.0,	211869.0
10,	48400.0,	0.0,	58729.0
10,	11000.0,	0.0,	11174.0
10,	11000.0,	0.0,	13185.0
10,	67650.0,	6499.2,	40705.0
10,	26400.0,	1191.6,	41497.0
10,	18700.0,	0.0,	13433.0
10,	19800.0,	10605.6,	20226.0
10,	11000.0,	0.0,	7444.0
10,	45100.0,	-4.8,	21062.0
10,	44000.0,	36110.4,	40675.0
10,	11000.0,	0.0,	12074.0
10,	11000.0,	0.0,	10500.0
10,	112200.0,	241694.4,	201912.0
10,	13200.0,	0.0,	20534.0
10,	2200.0,	0.0,	49181.0
10,	55000.0,	37040.4,	51408.0
10,	55000.0,	25867.2,	51408.0
10,	13200.0,	0.0,	12739.0
10,	33000.0,	1128.0,	30043.0
10,	137500.0,	0.0,	314539.0
10,	247500.0,	17666.4,	235863.0
10,	26400.0,	25928.4,	44365.0
10,	11000.0,	0.0,	9000.0
10,	129937.5,	7332.0,	23838.0
10,	49500.0,	12361.2,	58985.0
10,	25300.0,	0.0,	24947.0
10,	15400.0,	0.0,	15725.0
10,	74250.0,	20377.2,	50414.0
10,	74250.0,	10150.8,	50414.0
10,	26400.0,	0.0,	78724.0
10,	543400.0,	205849.2,	293235.0
10,	51700.0,	0.0,	74588.0
10,	33000.0,	0.0,	46362.0
10,	22000.0,	0.0,	1344.0
10,	13200.0,	0.0,	17560.0
10,	26400.0,	0.0,	24616.0
10,	44000.0,	0.0,	39076.0
10,	11000.0,	0.0,	1051.0
10,	68200.0,	177727.2,	173881.0
10,	331100.0,	134683.2,	310123.0
10,	11000.0,	7824.0,	21009.0
10,	160600.0,	468.0,	66609.0
10,	24200.0,	0.0,	18099.0
10,	58740.0,	0.0,	35500.0
10,	13200.0,	0.0,	13334.0
10,	22000.0,	0.0,	2709.0
10,	11000.0,	0.0,	23055.0
10,	110000.0,	26428.8,	27303.0
10,	33000.0,	45.6,	13116.0
10,	2200.0,	0.0,	8297.0
10,	115500.0,	101089.2,	92585.0
10,	35200.0,	0.0,	49705.0
10,	13200.0,	0.0,	41660.0
10,	16500.0,	0.0,	16192.0
10,	55000.0,	0.0,	50500.0
10,	110000.0,	1096.8,	90147.0
10,	13200.0,	0.0,	14959.0
10,	63800.0,	49218.0,	43565.0
10,	19800.0,	-1.2,	63339.0
10,	223300.0,	113610.0,	176424.0
10,	84150.0,	50920.8,	79204.0
10,	128700.0,	2281.2,	69829.0
10,	128700.0,	616.8,	69829.0
10,	11000.0,	0.0,	7620.0
10,	4070.0,	0.0,	17260.0
10,	16500.0,	0.0,	15003.0
10,	17600.0,	0.0,	7130.0
10,	19800.0,	0.0,	16939.0
10,	201300.0,	0.0,	54325.0
10,	17600.0,	0.0,	3849.0
10,	74800.0,	11073.6,	54959.0
10,	74800.0,	3680.4,	19990.0
10,	110000.0,	0.0,	144790.0
10,	110000.0,	54918.0,	144790.0
10,	13200.0,	0.0,	25578.0
10,	660000.0,	0.0,	36820.0
10,	110000.0,	0.0,	102000.0
10,	58300.0,	0.0,	112943.0
10,	34100.0,	1081.2,	25506.0
10,	19800.0,	-2.4,	20576.0
10,	143000.0,	7116.0,	123211.0
10,	17600.0,	0.0,	21446.0
10,	165000.0,	325878.0,	360732.0
10,	339900.0,	0.0,	48377.0
10,	134200.0,	-474.0,	26259.0
10,	105600.0,	20396.4,	37503.0
10,	6050.0,	0.0,	17723.0
10,	35200.0,	4030.8,	26035.0
10,	30800.0,	-1.2,	23555.0
10,	16500.0,	15252.0,	20300.0
10,	84150.0,	12423.6,	53899.0
10,	11000.0,	-44.4,	13993.0
10,	2200.0,	0.0,	28548.0
10,	33000.0,	26390.4,	32064.0
10,	17600.0,	-1.2,	31737.0
10,	17600.0,	0.0,	16376.0
10,	122100.0,	-253.2,	136638.0
10,	44000.0,	21655.2,	69185.0
10,	44000.0,	117409.2,	102533.0
10,	44000.0,	0.0,	41050.0
10,	56100.0,	13090.8,	32050.0
10,	56100.0,	3801.6,	32050.0
10,	27500.0,	24862.8,	24336.0
10,	45100.0,	37776.0,	40500.0
10,	35200.0,	9789.6,	25332.0
10,	154000.0,	0.0,	33469.0
10,	154000.0,	0.0,	33469.0
10,	38500.0,	598.8,	26064.0
10,	317900.0,	1004398.8,	875352.0
10,	176000.0,	108310.8,	144417.0
10,	103730.0,	0.0,	90299.0
10,	150700.0,	9308.4,	88150.0
10,	148500.0,	5414.4,	107276.0
10,	18700.0,	40054.8,	33879.0
10,	20900.0,	0.0,	24698.0
10,	48400.0,	13108.8,	48906.0
10,	75900.0,	75271.2,	82800.0
10,	110000.0,	6792.0,	40859.0
10,	82500.0,	-36.0,	90541.0
10,	195250.0,	0.0,	477952.0
10,	50600.0,	0.0,	47404.0
10,	88000.0,	4795.2,	91993.0
10,	178200.0,	-298.8,	50405.0
10,	5500.0,	0.0,	6483.0
10,	13200.0,	0.0,	20545.0
10,	660000.0,	252998.4,	775030.0
10,	58300.0,	16112.4,	57807.0
10,	55000.0,	10026.0,	48415.0
10,	55000.0,	10592.4,	48415.0
10,	82500.0,	0.0,	74694.0
10,	23100.0,	0.0,	21380.0
10,	124300.0,	12327.6,	88252.0
10,	227700.0,	4581.6,	196629.0
10,	202950.0,	1216.8,	78434.0
10,	88000.0,	14824.8,	47438.0
10,	13200.0,	10792.8,	15923.0
10,	165000.0,	59215.2,	78709.0
10,	23100.0,	0.0,	19107.0
10,	82500.0,	864.0,	50493.0
10,	82500.0,	18000.0,	73794.0
10,	82500.0,	86455.2,	72546.0
10,	64350.0,	-630.0,	33648.0
10,	64350.0,	-630.0,	33648.0
10,	16500.0,	-391.2,	12656.0
10,	39600.0,	-1.2,	100542.0
10,	112200.0,	80197.2,	98528.0
10,	27500.0,	0.0,	25693.0
10,	204600.0,	0.0,	82859.0
10,	11000.0,	0.0,	10696.0
10,	73700.0,	69811.2,	66297.0
10,	74800.0,	0.0,	12665.0
10,	96800.0,	3618.0,	82944.0
10,	247500.0,	6208.8,	143376.0
10,	68200.0,	71268.0,	65653.0
10,	132000.0,	0.0,	36475.0
10,	102300.0,	3178.8,	68772.0
10,	405900.0,	278150.4,	260298.0
10,	412500.0,	54136.8,	288642.0
10,	66000.0,	5324.4,	63011.0
10,	41800.0,	946.8,	51998.0
10,	91300.0,	-637.2,	20464.0
10,	265100.0,	17882.4,	217264.0
10,	13200.0,	0.0,	51056.0
10,	143550.0,	-97.2,	18116.0
10,	247500.0,	21412.8,	201306.0
10,	82500.0,	1798.8,	49966.0
10,	61600.0,	104523.6,	124237.0
10,	14300.0,	-2.4,	16376.0
10,	13200.0,	0.0,	100124.0
10,	27500.0,	0.0,	37319.0
10,	118800.0,	72477.6,	114285.0
10,	16500.0,	0.0,	12769.0
10,	27500.0,	1909.2,	72068.0
10,	22000.0,	-212.4,	26141.0
10,	206250.0,	126265.2,	118436.0
10,	25300.0,	-2.4,	21825.0
10,	34100.0,	0.0,	31407.0
10,	52801.1,	0.0,	55270.0
10,	303600.0,	218883.6,	239799.0
10,	27500.0,	0.0,	26801.0
10,	25300.0,	0.0,	138116.0
10,	73700.0,	32917.2,	54603.0
10,	259600.0,	171.6,	17480.0
10,	234300.0,	17764.8,	120301.0
10,	234300.0,	2294.4,	120301.0
10,	1650.0,	0.0,	50503.0
10,	29700.0,	52974.0,	66866.0
10,	85800.0,	0.0,	73517.0
10,	26400.0,	9445.2,	66808.0
10,	2200.0,	0.0,	52296.0
10,	33000.0,	5043.6,	94086.0
10,	226600.0,	180506.4,	164171.0
10,	33000.0,	20485.2,	26515.0
10,	71500.0,	0.0,	48366.0
10,	27501.1,	0.0,	2839.0
10,	56100.0,	44461.2,	40500.0
10,	331100.0,	26498.4,	166194.0
10,	29700.0,	0.0,	52776.0
10,	27500.0,	0.0,	3344.0
10,	12650.0,	0.0,	3221.0
10,	1650.0,	0.0,	35228.0
10,	36300.0,	0.0,	18663.0
10,	205700.0,	0.0,	29975.0
10,	168919.3,	-280.8,	77988.0
10,	18700.0,	18734.4,	52696.0
10,	30800.0,	0.0,	52701.0
10,	15400.0,	-7.2,	13608.0
10,	270600.0,	0.0,	71698.0
10,	88000.0,	0.0,	80500.0
10,	1650.0,	0.0,	39064.0
10,	23100.0,	0.0,	18466.0
10,	46200.0,	0.0,	42931.0
10,	26400.0,	26277.6,	99881.0
10,	402600.0,	172183.2,	250801.0
10,	112200.0,	114000.0,	100147.0
10,	33000.0,	0.0,	7833.0
10,	24310.0,	-4.8,	100172.0
10,	55000.0,	0.0,	44835.0
10,	17600.0,	0.0,	2864.0
10,	41800.0,	0.0,	130054.0
10,	201300.0,	0.0,	58947.0
10,	82500.0,	0.0,	18688.0
10,	20900.0,	-884.4,	2635.0
10,	27500.0,	18.0,	3793.0
10,	90750.0,	52912.8,	52917.0
10,	42900.0,	25.2,	1735.0
10,	13200.0,	0.0,	22695.0
10,	13200.0,	0.0,	1742.0
10,	205700.0,	0.0,	27287.0
10,	25300.0,	0.0,	15258.0
10,	82500.0,	0.0,	83613.0
10,	16500.0,	0.0,	2860.0
10,	14300.0,	0.0,	13585.0
10,	137500.0,	0.0,	20500.0
10,	660000.0,	0.0,	779355.0
10,	82500.0,	0.0,	29047.0
10,	26400.0,	5268.0,	27017.0
10,	275000.0,	21288.0,	35806.0
10,	275000.0,	-2514.0,	35806.0
10,	97900.0,	0.0,	49446.0
10,	93500.0,	13413.6,	77530.0
10,	107800.0,	2542.8,	59473.0
10,	19800.0,	0.0,	53528.0
10,	5500.0,	0.0,	4043.0
10,	47300.0,	8298.0,	48577.0
10,	36300.0,	0.0,	22677.0
10,	49500.0,	96116.4,	127797.0
10,	250800.0,	-82.8,	238502.0
10,	254100.0,	110858.4,	92882.0
10,	60500.0,	0.0,	17793.0
10,	55000.0,	0.0,	35771.0
10,	13200.0,	0.0,	39425.0
10,	22000.0,	0.0,	662274.0
10,	330000.0,	6.0,	81139.0
10,	171600.0,	0.0,	17117.0
10,	275000.0,	-1197.6,	333140.0
10,	103400.0,	116726.4,	100219.0
10,	103400.0,	116726.4,	100219.0
10,	118800.0,	5116.8,	51858.0
10,	50600.0,	0.0,	254992.0
